structure,operation,position,n,avg_ns,movements_or_accesses
DynamicArray,insert,beginning,100,2266697,601620
DynamicArray,insert,middle,100,926917,551620
DynamicArray,remove,beginning,100,120830,5050
DynamicArray,remove,middle,100,29146,2550
LinkedList,insert,beginning,100,94214,0
LinkedList,insert,middle,100,108592,50000
LinkedList,remove,beginning,100,15916,0
LinkedList,remove,middle,100,20907,2500
DynamicArray,insert,beginning,1000,2447987,1501780
DynamicArray,insert,middle,1000,1673005,1001780
DynamicArray,remove,beginning,1000,796057,500500
DynamicArray,remove,middle,1000,456772,250500
LinkedList,insert,beginning,1000,51902,0
LinkedList,insert,middle,1000,613183,500000
LinkedList,remove,beginning,1000,103490,0
LinkedList,remove,middle,1000,385593,250000
DynamicArray,insert,beginning,10000,17165646,10510740
DynamicArray,insert,middle,10000,8911961,5510740
DynamicArray,remove,beginning,10000,13680765,9500500
DynamicArray,remove,middle,10000,6630635,4750500
LinkedList,insert,beginning,10000,16667,0
LinkedList,insert,middle,10000,5751416,5000000
LinkedList,remove,beginning,10000,12659,0
LinkedList,remove,middle,10000,5492120,4750000
DynamicArray,insert,beginning,100000,229320408,100500500
DynamicArray,insert,middle,100000,114764811,50500500
DynamicArray,remove,beginning,100000,212989502,99500500
DynamicArray,remove,middle,100000,108427315,49750500
LinkedList,insert,beginning,100000,74791,0
LinkedList,insert,middle,100000,59144358,50000000
LinkedList,remove,beginning,100000,3316,0
LinkedList,remove,middle,100000,58820989,49750000
